{
    "r_smH_PTH_0_30": {
        "A_chl3": -0.12870757483812265,
        "u_A_chl3": 6.975472176502525e-06,
        "A_chbox": 0.12870672252413223,
        "u_A_chbox": 9.885125422004799e-06,
        "A_cll1": 0.06435376754851443,
        "u_A_cll1": 4.942470685356777e-06,
        "A_chdd": -0.03217673461268539,
        "u_A_chdd": 2.47280314153586e-06,
        "A_chg": 23.765010130726512,
        "u_A_chg": 0.0034251274118112752,
        "A_ctgre": -0.995741458825426,
        "u_A_ctgre": 0.00014232679202804004,
        "A_cthre": -0.12937799053070317,
        "u_A_cthre": 9.912723751361455e-06,
        "B_chl3_2": 0.00400358819076781,
        "u_B_chl3_2": 1.1974187847419173e-05,
        "B_chl3_cll1": -0.003933004074346341,
        "u_B_chl3_cll1": 2.8671839253847553e-06,
        "B_chl3_ctgre": 0.06034097723343531,
        "u_B_chl3_ctgre": 7.162669065054049e-06,
        "B_chl3_cthre": 0.007851961155723598,
        "u_B_chl3_cthre": 4.4255159095611155e-06,
        "B_chbox_2": 0.0038969112130129743,
        "u_B_chbox_2": 9.153413587186673e-06,
        "B_chbox_chl3": -0.007829915260865253,
        "u_B_chbox_chl3": 5.4559532304306035e-06,
        "B_chbox_cll1": 0.003880119501404837,
        "u_B_chbox_cll1": 2.4498760560808984e-06,
        "B_chbox_chg": 2.441095467699747,
        "u_B_chbox_chg": 0.0002884472823566139,
        "B_chbox_ctgre": -0.060370978772096504,
        "u_B_chbox_ctgre": 9.280067955379563e-06,
        "B_chbox_cthre": -0.007846888549530685,
        "u_B_chbox_cthre": 3.0298547270396494e-06,
        "B_cll1_2": 0.0009337032946952796,
        "u_B_cll1_2": 7.832069021164346e-06,
        "B_chdd_2": 0.00024269966360402376,
        "u_B_chdd_2": 6.937377409386124e-06,
        "B_chdd_chl3": 0.001989509767177427,
        "u_B_chdd_chl3": 4.255052469554148e-06,
        "B_chdd_chbox": -0.0019429088890652703,
        "u_B_chdd_chbox": 2.4879317463583865e-06,
        "B_chdd_cll1": -0.00095799279945793,
        "u_B_chdd_cll1": 3.055784604832527e-06,
        "B_chdd_chg": -0.6102737717445137,
        "u_B_chdd_chg": 7.212887812022235e-05,
        "B_chdd_ctgre": 0.015056824499374713,
        "u_B_chdd_ctgre": 3.24903324113711e-06,
        "B_chdd_cthre": 0.0019762568330541153,
        "u_B_chdd_cthre": 3.3423938780499525e-06,
        "B_chg_2": 383.75561111503833,
        "u_B_chg_2": 0.08035722930548114,
        "B_chg_chl3": -2.4410956516726454,
        "u_B_chg_chl3": 0.00020411707637681305,
        "B_chg_cll1": 1.2205477236291573,
        "u_B_chg_cll1": 0.0001443805802412412,
        "B_chg_ctgre": -18.887464312219084,
        "u_B_chg_ctgre": 0.0036504621882684778,
        "B_chg_cthre": -2.4538294712600206,
        "u_B_chg_cthre": 0.0002901404820459327,
        "B_ctgre_2": 0.2335464162707207,
        "u_B_ctgre_2": 5.0513560790771814e-05,
        "B_ctgre_cll1": -0.03018673010759476,
        "u_B_ctgre_cll1": 5.067869610576799e-06,
        "B_cthre_2": 0.003936515782847519,
        "u_B_cthre_2": 7.703981699160855e-06,
        "B_cthre_cll1": -0.003901008268083826,
        "u_B_cthre_cll1": 3.207389128077731e-06,
        "B_cthre_ctgre": 0.06065227774912852,
        "u_B_cthre_ctgre": 8.891305633878073e-06
    },
    "r_smH_PTH_30_45": {
        "A_chl3": -0.12869737065521736,
        "u_A_chl3": 1.3245763469864778e-05,
        "A_chbox": 0.12869676138872024,
        "u_A_chbox": 1.87865825132013e-05,
        "A_cll1": 0.06434890652627329,
        "u_A_cll1": 9.378545023482816e-06,
        "A_chdd": -0.03217398848722916,
        "u_A_chdd": 4.706749938804538e-06,
        "A_chg": 23.763406105582085,
        "u_A_chg": 0.024171026586410366,
        "A_ctgre": -0.9959742686212312,
        "u_A_ctgre": 0.0005042786124205761,
        "A_cthre": -0.1293678259634397,
        "u_A_cthre": 1.8858472831249006e-05,
        "B_chl3_2": 0.0039797532418245005,
        "u_B_chl3_2": 2.1920426745489068e-05,
        "B_chl3_cll1": -0.003926750230298249,
        "u_B_chl3_cll1": 5.0218619701891425e-06,
        "B_chl3_ctgre": 0.06034963309812838,
        "u_B_chl3_ctgre": 2.234250801625779e-05,
        "B_chl3_cthre": 0.00785667570921612,
        "u_B_chl3_cthre": 8.217362582322935e-06,
        "B_chbox_2": 0.003893728563943734,
        "u_B_chbox_2": 1.6427491992060977e-05,
        "B_chbox_chl3": -0.007820478776994521,
        "u_B_chbox_chl3": 9.927406064468759e-06,
        "B_chbox_cll1": 0.003875728593760703,
        "u_B_chbox_cll1": 4.1791135902223266e-06,
        "B_chbox_chg": 2.4416018003536823,
        "u_B_chbox_chg": 0.0011232612229811795,
        "B_chbox_ctgre": -0.060386764573561555,
        "u_B_chbox_ctgre": 3.124572306494538e-05,
        "B_chbox_cthre": -0.007846197550035105,
        "u_B_chbox_cthre": 5.459342690517757e-06,
        "B_cll1_2": 0.0009209927935280117,
        "u_B_cll1_2": 1.387512790509085e-05,
        "B_chdd_2": 0.0002197209497976156,
        "u_B_chdd_2": 1.2163754123095234e-05,
        "B_chdd_chl3": 0.001990144857805728,
        "u_B_chdd_chl3": 7.676184578872693e-06,
        "B_chdd_chbox": -0.0019486709145189202,
        "u_B_chdd_chbox": 4.620666690639973e-06,
        "B_chdd_cll1": -0.0009568720706244521,
        "u_B_chdd_cll1": 5.51205733476282e-06,
        "B_chdd_chg": -0.6104003374264191,
        "u_B_chdd_chg": 0.00028079519217119137,
        "B_chdd_ctgre": 0.015066004237606755,
        "u_B_chdd_ctgre": 8.773032610089336e-06,
        "B_chdd_cthre": 0.0019713130555998634,
        "u_B_chdd_cthre": 5.919899539413747e-06,
        "B_chg_2": 383.648261467658,
        "u_B_chg_2": 0.3984203791937443,
        "B_chg_chl3": -2.4416020459266874,
        "u_B_chg_chl3": 0.0007943191552367518,
        "B_chg_cll1": 1.220800910947587,
        "u_B_chg_cll1": 0.0005615641476437645,
        "B_chg_ctgre": -18.901514403355467,
        "u_B_chg_ctgre": 0.015442258013110657,
        "B_chg_cthre": -2.4543382848534177,
        "u_B_chg_cthre": 0.0011289605477136917,
        "B_ctgre_2": 0.23371345194227436,
        "u_B_ctgre_2": 0.00020757355827124077,
        "B_ctgre_cll1": -0.03019754955936594,
        "u_B_ctgre_cll1": 1.5718028307859835e-05,
        "B_cthre_2": 0.003925480252444987,
        "u_B_cthre_2": 1.4021752753192234e-05,
        "B_cthre_cll1": -0.0039057942698209947,
        "u_B_cthre_cll1": 5.92361737188692e-06,
        "B_cthre_ctgre": 0.06066879327051737,
        "u_B_cthre_ctgre": 3.105897493368042e-05
    },
    "r_smH_PTH_45_80": {
        "A_chl3": -0.12870181272635553,
        "u_A_chl3": 1.1710905365191367e-05,
        "A_chbox": 0.12870080062581504,
        "u_A_chbox": 1.658716679625868e-05,
        "A_cll1": 0.06435089740043455,
        "u_A_cll1": 8.27457496165106e-06,
        "A_chdd": -0.03217518685022732,
        "u_A_chdd": 4.148815359736466e-06,
        "A_chg": 23.858645360606943,
        "u_A_chg": 0.0239775561747196,
        "A_ctgre": -0.9995914717094074,
        "u_A_ctgre": 0.0011207012935249216,
        "A_cthre": -0.12937216593669623,
        "u_A_cthre": 1.663627625778905e-05,
        "B_chl3_2": 0.004016480530956972,
        "u_B_chl3_2": 1.9352870631151913e-05,
        "B_chl3_cll1": -0.00393060698577587,
        "u_B_chl3_cll1": 4.5692413180455166e-06,
        "B_chl3_ctgre": 0.06060205190473966,
        "u_B_chl3_ctgre": 4.852507663029043e-05,
        "B_chl3_cthre": 0.00785461391776585,
        "u_B_chl3_cthre": 7.046950873123725e-06,
        "B_chbox_2": 0.003899130234961381,
        "u_B_chbox_2": 1.4598323712399962e-05,
        "B_chbox_chl3": -0.007829737058718433,
        "u_B_chbox_chl3": 8.706428550988078e-06,
        "B_chbox_cll1": 0.003880708757235678,
        "u_B_chbox_cll1": 4.033399164268892e-06,
        "B_chbox_chg": 2.447298773156859,
        "u_B_chbox_chg": 0.001984277855311571,
        "B_chbox_ctgre": -0.06059130029931614,
        "u_B_chbox_ctgre": 6.79210388805813e-05,
        "B_chbox_cthre": -0.007849029356573986,
        "u_B_chbox_cthre": 4.8834444873422265e-06,
        "B_cll1_2": 0.0009252281867361343,