{
    "r_smH_PTH_0_5": {
        "r_smH_PTH_0_5": 1.0,
        "r_smH_PTH_5_10": 1.7597561996478827e-08,
        "r_smH_PTH_10_15": -2.3708681258701162e-05,
        "r_smH_PTH_15_20": 8.633550740161024e-09,
        "r_smH_PTH_20_25": -3.6570230012961308e-09,
        "r_smH_PTH_25_30": -1.8871244086503347e-07,
        "r_smH_PTH_30_35": -4.758044929887489e-10,
        "r_smH_PTH_35_45": 2.5831515937735833e-08,
        "r_smH_PTH_45_60": 2.091527959984305e-08,
        "r_smH_PTH_60_80": 2.9721556376585906e-08,
        "r_smH_PTH_80_100": 2.641079371637739e-08,
        "r_smH_PTH_100_120": 6.248493766925223e-09,
        "r_smH_PTH_120_140": 1.0885392529649375e-08,
        "r_smH_PTH_140_170": 2.2332335448408736e-08,
        "r_smH_PTH_170_200": 1.6757776543793635e-08,
        "r_smH_PTH_200_250": -0.000416630477110328,
        "r_smH_PTH_250_350": 4.2520273278620904e-08,
        "r_smH_PTH_350_450": 3.104339187639006e-08,
        "r_smH_PTH_GT450": 4.45849731602503e-09
    },
    "r_smH_PTH_5_10": {
        "r_smH_PTH_0_5": 1.7597561996478827e-08,
        "r_smH_PTH_5_10": 1.0,
        "r_smH_PTH_10_15": 1.19766659387805e-07,
        "r_smH_PTH_15_20": -0.00015674230776088866,
        "r_smH_PTH_20_25": -2.508490938688227e-06,
        "r_smH_PTH_25_30": 8.74895340510513e-08,
        "r_smH_PTH_30_35": 4.363920499174154e-08,
        "r_smH_PTH_35_45": 1.0858557556021876e-07,
        "r_smH_PTH_45_60": 4.249395566055834e-08,
        "r_smH_PTH_60_80": 7.375172442750252e-08,
        "r_smH_PTH_80_100": 5.2623291268734005e-08,
        "r_smH_PTH_100_120": 1.883174767186228e-08,
        "r_smH_PTH_120_140": 8.55323040229068e-09,
        "r_smH_PTH_140_170": 8.937531041862669e-08,
        "r_smH_PTH_170_200": 9.81165666753144e-08,
        "r_smH_PTH_200_250": 6.522629769289538e-08,
        "r_smH_PTH_250_350": -1.7562196038875682e-06,
        "r_smH_PTH_350_450": -0.0001590233262186274,
        "r_smH_PTH_GT450": 1.8900351826506253e-09
    },
    "r_smH_PTH_10_15": {
        "r_smH_PTH_0_5": -2.3708681258701162e-05,
        "r_smH_PTH_5_10": 1.19766659387805e-07,
        "r_smH_PTH_10_15": 1.0,
        "r_smH_PTH_15_20": 1.976796347347573e-07,
        "r_smH_PTH_20_25": 1.8635957969842987e-07,
        "r_smH_PTH_25_30": -0.0004874618596393912,
        "r_smH_PTH_30_35": 1.2579678372767966e-07,
        "r_smH_PTH_35_45": 2.203408902707144e-07,
        "r_smH_PTH_45_60": -2.0968424377079383e-05,
        "r_smH_PTH_60_80": 2.1443604326208195e-07,
        "r_smH_PTH_80_100": 4.3400667432362367e-07,
        "r_smH_PTH_100_120": 1.0356329024089307e-07,
        "r_smH_PTH_120_140": 2.0160454573190695e-08,
        "r_smH_PTH_140_170": 2.398612629562492e-07,
        "r_smH_PTH_170_200": 2.674915820113732e-07,
        "r_smH_PTH_200_250": -0.0005299854693124075,
        "r_smH_PTH_250_350": 3.2722885213323645e-07,
        "r_smH_PTH_350_450": 2.9139398222130595e-07,
        "r_smH_PTH_GT450": 1.711329709760873e-09
    },
    "r_smH_PTH_15_20": {
        "r_smH_PTH_0_5": 8.633550740161024e-09,
        "r_smH_PTH_5_10": -0.00015674230776088866,
        "r_smH_PTH_10_15": 1.976796347347573e-07,
        "r_smH_PTH_15_20": 1.0,
        "r_smH_PTH_20_25": -0.00014382684264825342,
        "r_smH_PTH_25_30": 1.4275643182537097e-07,
        "r_smH_PTH_30_35": -1.7216007986742087e-06,
        "r_smH_PTH_35_45": 1.8954400672765603e-07,
        "r_smH_PTH_45_60": 6.127203724842699e-08,
        "r_smH_PTH_60_80": 1.2553918073904838e-07,
        "r_smH_PTH_80_100": 6.636572616575152e-08,
        "r_smH_PTH_100_120": 4.2928820741999084e-08,
        "r_smH_PTH_120_140": 4.400190950290723e-09,
        "r_smH_PTH_140_170": 1.3608281548286599e-07,
        "r_smH_PTH_170_200": 2.046853796569057e-07,
        "r_smH_PTH_200_250": 9.499639483942453e-08,
        "r_smH_PTH_250_350": 2.216755834353881e-07,
        "r_smH_PTH_350_450": -2.105427513503085e-06,
        "r_smH_PTH_GT450": 4.160392033567689e-09
    },
    "r_smH_PTH_20_25": {
        "r_smH_PTH_0_5": -3.6570230012961308e-09,
        "r_smH_PTH_5_10": -2.508490938688227e-06,
        "r_smH_PTH_10_15": 1.8635957969842987e-07,
        "r_smH_PTH_15_20": -0.00014382684264825342,
        "r_smH_PTH_20_25": 1.0,
        "r_smH_PTH_25_30": 1.6917809078110786e-07,
        "r_smH_PTH_30_35": -0.00012488590894281035,
        "r_smH_PTH_35_45": -2.164378865306868e-06,
        "r_smH_PTH_45_60": 5.347810899024911e-08,
        "r_smH_PTH_60_80": 1.1446394226315849e-07,
        "r_smH_PTH_80_100": 7.10315639566985e-08,
        "r_smH_PTH_100_120": 7.062016915945452e-08,
        "r_smH_PTH_120_140": 4.7769230438381064e-09,
        "r_smH_PTH_140_170": 1.2151566061310217e-07,
        "r_smH_PTH_170_200": 1.864002427664862e-07,
        "r_smH_PTH_200_250": 9.606232894836328e-08,
        "r_smH_PTH_250_350": 1.6469126262204424e-07,
        "r_smH_PTH_350_450": 1.6160294484956304e-07,
        "r_smH_PTH_GT450": 4.359701761847193e-09
    },
    "r_smH_PTH_25_30": {
        "r_smH_PTH_0_5": -1.8871244086503347e-07,
        "r_smH_PTH_5_10": 8.74895340510513e-08,
        "r_smH_PTH_10_15": -0.0004874618596393912,
        "r_smH_PTH_15_20": 1.4275643182537097e-07,
        "r_smH_PTH_20_25": 1.6917809078110786e-07,
        "r_smH_PTH_25_30": 1.0,
        "r_smH_PTH_30_35": 9.982565104840492e-08,
        "r_smH_PTH_35_45": 1.4966492594887715e-07,
        "r_smH_PTH_45_60": -0.0003990120806211192,
        "r_smH_PTH_60_80": 2.0855735828621548e-07,
        "r_smH_PTH_80_100": -2.011694069596787e-05,
        "r_smH_PTH_100_120": -2.3247726688585084e-07,
        "r_smH_PTH_120_140": 3.5233217829248605e-08,
        "r_smH_PTH_140_170": 1.9978716643133356e-07,
        "r_smH_PTH_170_200": 2.4230394568770204e-07,
        "r_smH_PTH_200_250": -2.5273077229534874e-05,
        "r_smH_PTH_250_350": 2.5385259679953055e-07,
        "r_smH_PTH_350_450": 2.7323963501289124e-07,
        "r_smH_PTH_GT450": 1.594813863577835e-08
    },
    "r_smH_PTH_30_35": {
        "r_smH_PTH_0_5": -4.758044929887489e-10,
        "r_smH_PTH_5_10": 4.363920499174154e-08,
        "r_smH_PTH_10_15": 1.2579678372767966e-07,
        "r_smH_PTH_15_20": -1.7216007986742087e-06,
        "r_smH_PTH_20_25": -0.00012488590894281035,
        "r_smH_PTH_25_30": 9.982565104840492e-08,
        "r_smH_PTH_30_35": 1.0,
        "r_smH_PTH_35_45": -0.00012166303273571735,
        "r_smH_PTH_45_60": 3.7406772010743586e-08,
        "r_smH_PTH_60_80": -6.625336798637707e-07,
        "r_smH_PTH_80_100": 3.9182749067108545e-08,
        "r_smH_PTH_100_120": 3.271718669109294e-08,
        "r_smH_PTH_120_140": 7.019918461637524e-09,
        "r_smH_PTH_140_170": 8.631800760867693e-08,
        "r_smH_PTH_170_200": 1.0283751257460611e-07,
        "r_smH_PTH_200_250": 6.914841986627328e-08,
        "r_smH_PTH_250_350": 1.1768782383555677e-07,
        "r_smH_PTH_350_450": 1.0453626864498816e-07,
        "r_smH_PTH_GT450": -5.001001120178795e-09
    },
    "r_smH_PTH_35_45": {
        "r_smH_PTH_0_5": 2.5831515937735833e-08,
        "r_smH_PTH_5_10": 1.0858557556021876e-07,
        "r_smH_PTH_10_15": 2.203408902707144e-07,
        "r_smH_PTH_15_20": 1.8954400672765603e-07,
        "r_smH_PTH_20_25": -2.164378865306868e-06,
        "r_smH_PTH_25_30": 1.4966492594887715e-07,
        "r_smH_PTH_30_35": -0.00012166303273571735,
        "r_smH_PTH_35_45": 1.0,
        "r_smH_PTH_45_60": 7.795403522586972e-08,
        "r_smH_PTH_60_80": -9.230759454543477e-05,
        "r_smH_PTH_80_100": 7.972452923300863e-08,
        "r_smH_PTH_100_120": 2.3990521668357643e-08,
        "r_smH_PTH_120_140": -1.4518002568409538e-07,
        "r_smH_PTH_140_170": 1.6387479946669307e-07,
        "r_smH_PTH_170_200": 1.781181355827229e-07,
        "r_smH_PTH_200_250": 1.0713995685129567e-07,
        "r_smH_PTH_250_350": 2.7418668486052304e-07,
        "r_smH_PTH_350_450": 1.887600652973715e-07,
        "r_smH_PTH_GT450": -7.238351469813478e-09
    },
    "r_smH_PTH_45_60": {
        "r_smH_PTH_0_5": 2.091527959984305e-08,