{
    "r_smH_PTH_0_5": {
        "r_smH_PTH_0_5": 1.0,
        "r_smH_PTH_5_10": -0.20389712777388996,
        "r_smH_PTH_10_15": 0.0327074678002759,
        "r_smH_PTH_15_20": 0.0046510136507656175,
        "r_smH_PTH_20_25": 0.0066925747185841745,
        "r_smH_PTH_25_30": 0.005748589567877348,
        "r_smH_PTH_30_35": 0.005297619666597022,
        "r_smH_PTH_35_45": 0.008004078403234905,
        "r_smH_PTH_45_60": 0.008276589844897434,
        "r_smH_PTH_60_80": 0.008716604461640177,
        "r_smH_PTH_80_100": 0.007570914858950147,
        "r_smH_PTH_100_120": 0.0072629843949908665,
        "r_smH_PTH_120_140": 0.006518943969941253,
        "r_smH_PTH_140_170": 0.006119754500021359,
        "r_smH_PTH_170_200": 0.005201540563963225,
        "r_smH_PTH_200_250": 0.006647319394791777,
        "r_smH_PTH_250_350": 0.0060711536209465105,
        "r_smH_PTH_350_450": 0.0030788414196222026,
        "r_smH_PTH_GT450": 0.002217915806869566
    },
    "r_smH_PTH_5_10": {
        "r_smH_PTH_0_5": -0.20389712777388996,
        "r_smH_PTH_5_10": 1.0,
        "r_smH_PTH_10_15": -0.16534010216733366,
        "r_smH_PTH_15_20": 0.030365025632182636,
        "r_smH_PTH_20_25": 0.006878904251777063,
        "r_smH_PTH_25_30": 0.007993454499606539,
        "r_smH_PTH_30_35": 0.007196098101726636,
        "r_smH_PTH_35_45": 0.011065262457707784,
        "r_smH_PTH_45_60": 0.011372847761262529,
        "r_smH_PTH_60_80": 0.011992793174331603,
        "r_smH_PTH_80_100": 0.010368168535474507,
        "r_smH_PTH_100_120": 0.009856659285645377,
        "r_smH_PTH_120_140": 0.008958519837770266,
        "r_smH_PTH_140_170": 0.00818869129367505,
        "r_smH_PTH_170_200": 0.007013383222504486,
        "r_smH_PTH_200_250": 0.009143296520358802,
        "r_smH_PTH_250_350": 0.008333010109177716,
        "r_smH_PTH_350_450": 0.00435323800963691,
        "r_smH_PTH_GT450": 0.003107698805635181
    },
    "r_smH_PTH_10_15": {
        "r_smH_PTH_0_5": 0.0327074678002759,
        "r_smH_PTH_5_10": -0.16534010216733366,
        "r_smH_PTH_10_15": 1.0,
        "r_smH_PTH_15_20": -0.15818772080132854,
        "r_smH_PTH_20_25": 0.028359713782770933,
        "r_smH_PTH_25_30": 0.006327157100386644,
        "r_smH_PTH_30_35": 0.007624161175629681,
        "r_smH_PTH_35_45": 0.011249615287520026,
        "r_smH_PTH_45_60": 0.011677675023452166,
        "r_smH_PTH_60_80": 0.01219166805359893,
        "r_smH_PTH_80_100": 0.01058868992748687,
        "r_smH_PTH_100_120": 0.0101501587129931,
        "r_smH_PTH_120_140": 0.009167007455194538,
        "r_smH_PTH_140_170": 0.008719281673230625,
        "r_smH_PTH_170_200": 0.007432591208345133,
        "r_smH_PTH_200_250": 0.009309823819151717,
        "r_smH_PTH_250_350": 0.008503514591703202,
        "r_smH_PTH_350_450": 0.004170942582701551,
        "r_smH_PTH_GT450": 0.00315043260011235
    },
    "r_smH_PTH_15_20": {
        "r_smH_PTH_0_5": 0.0046510136507656175,
        "r_smH_PTH_5_10": 0.030365025632182636,
        "r_smH_PTH_10_15": -0.15818772080132854,
        "r_smH_PTH_15_20": 1.0,
        "r_smH_PTH_20_25": -0.15197142179568876,
        "r_smH_PTH_25_30": 0.026033312208917216,
        "r_smH_PTH_30_35": 0.00572807306930904,
        "r_smH_PTH_35_45": 0.011169306596973105,
        "r_smH_PTH_45_60": 0.011483663978178073,
        "r_smH_PTH_60_80": 0.011922934273011658,
        "r_smH_PTH_80_100": 0.01040520868543232,
        "r_smH_PTH_100_120": 0.009973662895073525,
        "r_smH_PTH_120_140": 0.008949754202280983,
        "r_smH_PTH_140_170": 0.008973259625845399,
        "r_smH_PTH_170_200": 0.007563100350507959,
        "r_smH_PTH_200_250": 0.009001277177766458,
        "r_smH_PTH_250_350": 0.00829330640313805,
        "r_smH_PTH_350_450": 0.003826086823904677,
        "r_smH_PTH_GT450": 0.0030963302098807213
    },
    "r_smH_PTH_20_25": {
        "r_smH_PTH_0_5": 0.0066925747185841745,
        "r_smH_PTH_5_10": 0.006878904251777063,
        "r_smH_PTH_10_15": 0.028359713782770933,
        "r_smH_PTH_15_20": -0.15197142179568876,
        "r_smH_PTH_20_25": 1.0,
        "r_smH_PTH_25_30": -0.15136089892728313,
        "r_smH_PTH_30_35": 0.025376581164329257,
        "r_smH_PTH_35_45": 0.008898212106450584,
        "r_smH_PTH_45_60": 0.010588901257491155,
        "r_smH_PTH_60_80": 0.011116505400135292,
        "r_smH_PTH_80_100": 0.009630534270350998,
        "r_smH_PTH_100_120": 0.009221072366537205,
        "r_smH_PTH_120_140": 0.008285549817701698,
        "r_smH_PTH_140_170": 0.0076505569645501596,
        "r_smH_PTH_170_200": 0.006521080580603462,
        "r_smH_PTH_200_250": 0.008468912110800801,
        "r_smH_PTH_250_350": 0.007636845154740443,
        "r_smH_PTH_350_450": 0.003906397841422026,
        "r_smH_PTH_GT450": 0.0027969245909636327
    },
    "r_smH_PTH_25_30": {
        "r_smH_PTH_0_5": 0.005748589567877348,
        "r_smH_PTH_5_10": 0.007993454499606539,
        "r_smH_PTH_10_15": 0.006327157100386644,
        "r_smH_PTH_15_20": 0.026033312208917216,
        "r_smH_PTH_20_25": -0.15136089892728313,
        "r_smH_PTH_25_30": 1.0,
        "r_smH_PTH_30_35": -0.16097519821501016,
        "r_smH_PTH_35_45": 0.022815601938350447,
        "r_smH_PTH_45_60": 0.008763680796523446,
        "r_smH_PTH_60_80": 0.009640233912306756,
        "r_smH_PTH_80_100": 0.008460707411935435,
        "r_smH_PTH_100_120": 0.008039650289771246,
        "r_smH_PTH_120_140": 0.007279813626458318,
        "r_smH_PTH_140_170": 0.0066987995267531976,
        "r_smH_PTH_170_200": 0.0056927125599754115,
        "r_smH_PTH_200_250": 0.007437605217550253,
        "r_smH_PTH_250_350": 0.006820542572331765,
        "r_smH_PTH_350_450": 0.0032488643406447617,
        "r_smH_PTH_GT450": 0.0025203850239883985
    },
    "r_smH_PTH_30_35": {
        "r_smH_PTH_0_5": 0.005297619666597022,
        "r_smH_PTH_5_10": 0.007196098101726636,
        "r_smH_PTH_10_15": 0.007624161175629681,
        "r_smH_PTH_15_20": 0.00572807306930904,
        "r_smH_PTH_20_25": 0.025376581164329257,
        "r_smH_PTH_25_30": -0.16097519821501016,
        "r_smH_PTH_30_35": 1.0,
        "r_smH_PTH_35_45": -0.1054916935480025,
        "r_smH_PTH_45_60": 0.013719459516154438,
        "r_smH_PTH_60_80": 0.00888014182749903,
        "r_smH_PTH_80_100": 0.00789134205496674,
        "r_smH_PTH_100_120": 0.007457072308877662,
        "r_smH_PTH_120_140": 0.006812379261061197,
        "r_smH_PTH_140_170": 0.006511268824855081,
        "r_smH_PTH_170_200": 0.005569646329262117,
        "r_smH_PTH_200_250": 0.00686249104734839,
        "r_smH_PTH_250_350": 0.006339323099973001,
        "r_smH_PTH_350_450": 0.0030249895916064015,
        "r_smH_PTH_GT450": 0.0023278426750811838
    },
    "r_smH_PTH_35_45": {
        "r_smH_PTH_0_5": 0.008004078403234905,
        "r_smH_PTH_5_10": 0.011065262457707784,
        "r_smH_PTH_10_15": 0.011249615287520026,
        "r_smH_PTH_15_20": 0.011169306596973105,
        "r_smH_PTH_20_25": 0.008898212106450584,
        "r_smH_PTH_25_30": 0.022815601938350447,
        "r_smH_PTH_30_35": -0.1054916935480025,
        "r_smH_PTH_35_45": 1.0,
        "r_smH_PTH_45_60": -0.04914946721612216,
        "r_smH_PTH_60_80": 0.01601494111829318,
        "r_smH_PTH_80_100": 0.01213169753020723,
        "r_smH_PTH_100_120": 0.011485286741678544,
        "r_smH_PTH_120_140": 0.010631188009016902,
        "r_smH_PTH_140_170": 0.009790422817489314,
        "r_smH_PTH_170_200": 0.008453607437195138,
        "r_smH_PTH_200_250": 0.010886502482084422,
        "r_smH_PTH_250_350": 0.009919416363148605,
        "r_smH_PTH_350_450": 0.005143163643852123,
        "r_smH_PTH_GT450": 0.003792846182918207
    },
    "r_smH_PTH_45_60": {
        "r_smH_PTH_0_5": 0.008276589844897434,
        "r_smH_PTH_5_10": 0.011372847761262529,
        "r_smH_PTH_10_15": 0.011677675023452166,
        "r_smH_PTH_15_20": 0.011483663978178073,
        "r_smH_PTH_20_25": 0.010588901257491155,
        "r_smH_PTH_25_30": 0.008763680796523446,