{
    "r_smH_PTH_0_5": {
        "bestfit": 0.3345899921962362,
        "Up01Sigma": 0.5066128060188576,
        "Down01Sigma": 0.5722062180535982,
        "Up01SigmaExp": 0.4355968524408629,
        "Down01SigmaExp": 0.4320067145959119
    },
    "r_smH_PTH_5_10": {
        "bestfit": 0.6255254376570811,
        "Up01Sigma": 0.4317255198284564,
        "Down01Sigma": 0.3098472063762254,
        "Up01SigmaExp": 0.3188552480545861,
        "Down01SigmaExp": 0.316049839793231
    },
    "r_smH_PTH_10_15": {
        "bestfit": 1.3277407055378325,
        "Up01Sigma": 0.29930567230325433,
        "Down01Sigma": 0.300077323060457,
        "Up01SigmaExp": 0.3072216319777774,
        "Down01SigmaExp": 0.3008326252846678
    },
    "r_smH_PTH_15_20": {
        "bestfit": 1.3662349613198073,
        "Up01Sigma": 0.35592064205309715,
        "Down01Sigma": 0.3136825722160499,
        "Up01SigmaExp": 0.3201108153883392,
        "Down01SigmaExp": 0.3725274818659443
    },
    "r_smH_PTH_20_25": {
        "bestfit": 0.35643512402886546,
        "Up01Sigma": 0.32822949687195835,
        "Down01Sigma": 0.32299142690145577,
        "Up01SigmaExp": 0.33725049142523655,
        "Down01SigmaExp": 0.3360705485519282
    },
    "r_smH_PTH_25_30": {
        "bestfit": 1.0588760016649008,
        "Up01Sigma": 0.3494695109346191,
        "Down01Sigma": 0.34764174494616085,
        "Up01SigmaExp": 0.34971146922289487,
        "Down01SigmaExp": 0.34112521969571663
    },
    "r_smH_PTH_30_35": {
        "bestfit": 0.5053833384085555,
        "Up01Sigma": 0.368489394217024,
        "Down01Sigma": 0.37276944015421964,
        "Up01SigmaExp": 0.382735505865887,
        "Down01SigmaExp": 0.3777393941836602
    },
    "r_smH_PTH_35_45": {
        "bestfit": 0.9605886213195198,
        "Up01Sigma": 0.26889086152571817,
        "Down01Sigma": 0.26947286930021863,
        "Up01SigmaExp": 0.26843637230855233,
        "Down01SigmaExp": 0.27453110540781345
    },
    "r_smH_PTH_45_60": {
        "bestfit": 0.9144824885766649,
        "Up01Sigma": 0.2341927351043882,
        "Down01Sigma": 0.2683415508172011,
        "Up01SigmaExp": 0.24380240279683907,
        "Down01SigmaExp": 0.24255664458288062
    },
    "r_smH_PTH_60_80": {
        "bestfit": 1.1800055523061177,
        "Up01Sigma": 0.23902209175010114,
        "Down01Sigma": 0.2324467117808875,
        "Up01SigmaExp": 0.2377272879371679,
        "Down01SigmaExp": 0.233954046522711
    },
    "r_smH_PTH_80_100": {
        "bestfit": 1.4730530061801952,
        "Up01Sigma": 0.2928447320649816,
        "Down01Sigma": 0.2612037813130774,
        "Up01SigmaExp": 0.26122339955266694,
        "Down01SigmaExp": 0.2566033041292466
    },
    "r_smH_PTH_100_120": {
        "bestfit": 0.5927597078353557,
        "Up01Sigma": 0.30494918589194775,
        "Down01Sigma": 0.2716570333078936,
        "Up01SigmaExp": 0.2817146508043138,
        "Down01SigmaExp": 0.2752471711528448
    },
    "r_smH_PTH_120_140": {
        "bestfit": 1.3685111408822541,
        "Up01Sigma": 0.32190821889178256,
        "Down01Sigma": 0.31262179863163486,
        "Up01SigmaExp": 0.31831247675926555,
        "Down01SigmaExp": 0.305675060756774
    },
    "r_smH_PTH_140_170": {
        "bestfit": 1.2952742593967337,
        "Up01Sigma": 0.30314023446936567,
        "Down01Sigma": 0.2928840389090053,
        "Up01SigmaExp": 0.29810895968827067,
        "Down01SigmaExp": 0.288057881605047
    },
    "r_smH_PTH_170_200": {
        "bestfit": 0.7737870136511247,
        "Up01Sigma": 0.3417072274702171,
        "Down01Sigma": 0.3079180794832188,
        "Up01SigmaExp": 0.34336823842216146,
        "Down01SigmaExp": 0.3277880864811855
    },
    "r_smH_PTH_200_250": {
        "bestfit": 1.4127304740835016,
        "Up01Sigma": 0.27879076614170684,
        "Down01Sigma": 0.27874573015596393,
        "Up01SigmaExp": 0.27885682999272765,
        "Down01SigmaExp": 0.26543310330936354
    },
    "r_smH_PTH_250_350": {
        "bestfit": 1.306722717276411,
        "Up01Sigma": 0.32042418854873334,
        "Down01Sigma": 0.3010378591467253,
        "Up01SigmaExp": 0.307175856085401,
        "Down01SigmaExp": 0.28806115131164534
    },
    "r_smH_PTH_350_450": {
        "bestfit": 0.5663862544133385,
        "Up01Sigma": 0.4437318824574732,
        "Down01Sigma": 0.38322923156223276,
        "Up01SigmaExp": 0.4826806274566142,
        "Down01SigmaExp": 0.42888741450111834
    },
    "r_smH_PTH_GT450": {
        "bestfit": 0.41180760527134797,
        "Up01Sigma": 0.5868992555713406,
        "Down01Sigma": 0.47155054619594616,
        "Up01SigmaExp": 0.6996420087878765,
        "Down01SigmaExp": 0.5834627939365102
    }
}
