{
    "r_smH_PTH_0_30": {
        "r_smH_PTH_0_30": 1.0,
        "r_smH_PTH_30_45": -0.5092134886590225,
        "r_smH_PTH_45_80": 0.2589323649585989,
        "r_smH_PTH_80_120": -0.048134614590782485,
        "r_smH_PTH_120_200": 0.031122645489492763,
        "r_smH_PTH_GT200": 0.008888083546789221
    },
    "r_smH_PTH_30_45": {
        "r_smH_PTH_0_30": -0.5092134886590225,
        "r_smH_PTH_30_45": 1.0,
        "r_smH_PTH_45_80": -0.6378733794088712,
        "r_smH_PTH_80_120": 0.25337802825579786,
        "r_smH_PTH_120_200": -0.06982317787472865,
        "r_smH_PTH_GT200": 0.016638114454571664
    },
    "r_smH_PTH_45_80": {
        "r_smH_PTH_0_30": 0.2589323649585989,
        "r_smH_PTH_30_45": -0.6378733794088712,
        "r_smH_PTH_45_80": 1.0,
        "r_smH_PTH_80_120": -0.49340056566113993,
        "r_smH_PTH_120_200": 0.1791051701992508,
        "r_smH_PTH_GT200": -0.02751744266860104
    },
    "r_smH_PTH_80_120": {
        "r_smH_PTH_0_30": -0.048134614590782485,
        "r_smH_PTH_30_45": 0.25337802825579786,
        "r_smH_PTH_45_80": -0.49340056566113993,
        "r_smH_PTH_80_120": 1.0,
        "r_smH_PTH_120_200": -0.39628024341038043,
        "r_smH_PTH_GT200": 0.09876176707033636
    },
    "r_smH_PTH_120_200": {
        "r_smH_PTH_0_30": 0.031122645489492763,
        "r_smH_PTH_30_45": -0.06982317787472865,
        "r_smH_PTH_45_80": 0.1791051701992508,
        "r_smH_PTH_80_120": -0.39628024341038043,
        "r_smH_PTH_120_200": 1.0,
        "r_smH_PTH_GT200": -0.22872079444600507
    },
    "r_smH_PTH_GT200": {
        "r_smH_PTH_0_30": 0.008888083546789221,
        "r_smH_PTH_30_45": 0.016638114454571664,
        "r_smH_PTH_45_80": -0.02751744266860104,
        "r_smH_PTH_80_120": 0.09876176707033636,
        "r_smH_PTH_120_200": -0.22872079444600507,
        "r_smH_PTH_GT200": 1.0
    }
}