{
    "r_smH_PTH_0_30": {
        "r_smH_PTH_0_30": 1.0,
        "r_smH_PTH_30_45": 0.023268165012582942,
        "r_smH_PTH_45_80": -0.6033580262992888,
        "r_smH_PTH_80_120": 0.28928951103653955,
        "r_smH_PTH_120_200": -0.06346524725796147,
        "r_smH_PTH_GT200": -0.0029704765436081725
    },
    "r_smH_PTH_30_45": {
        "r_smH_PTH_0_30": 0.023268165012582942,
        "r_smH_PTH_30_45": 1.0,
        "r_smH_PTH_45_80": -0.06523908599569209,
        "r_smH_PTH_80_120": 0.17521488366217036,
        "r_smH_PTH_120_200": -0.3956417962630216,
        "r_smH_PTH_GT200": -0.2320285505218109
    },
    "r_smH_PTH_45_80": {
        "r_smH_PTH_0_30": -0.6033580262992888,
        "r_smH_PTH_30_45": -0.06523908599569209,
        "r_smH_PTH_45_80": 1.0,
        "r_smH_PTH_80_120": -0.6361223074915658,
        "r_smH_PTH_120_200": 0.2465086247036172,
        "r_smH_PTH_GT200": 0.01240406884032078
    },
    "r_smH_PTH_80_120": {
        "r_smH_PTH_0_30": 0.28928951103653955,
        "r_smH_PTH_30_45": 0.17521488366217036,
        "r_smH_PTH_45_80": -0.6361223074915658,
        "r_smH_PTH_80_120": 1.0,
        "r_smH_PTH_120_200": -0.48846715277702035,
        "r_smH_PTH_GT200": -0.02581137805101728
    },
    "r_smH_PTH_120_200": {
        "r_smH_PTH_0_30": -0.06346524725796147,
        "r_smH_PTH_30_45": -0.3956417962630216,
        "r_smH_PTH_45_80": 0.2465086247036172,
        "r_smH_PTH_80_120": -0.48846715277702035,
        "r_smH_PTH_120_200": 1.0,
        "r_smH_PTH_GT200": 0.09524677129902458
    },
    "r_smH_PTH_GT200": {
        "r_smH_PTH_0_30": -0.0029704765436081725,
        "r_smH_PTH_30_45": -0.2320285505218109,
        "r_smH_PTH_45_80": 0.01240406884032078,
        "r_smH_PTH_80_120": -0.02581137805101728,
        "r_smH_PTH_120_200": 0.09524677129902458,
        "r_smH_PTH_GT200": 1.0
    }
}