{
    "r_smH_PTH_0_30": {
        "bestfit": 1.2276467698397058,
        "Up01Sigma": 0.22963667184877634,
        "Down01Sigma": 0.2201287022492162,
        "Up01SigmaExp": 0.18796158977223576,
        "Down01SigmaExp": 0.18142362317128868
    },
    "r_smH_PTH_30_45": {
        "bestfit": 0.08419561537361298,
        "Up01Sigma": 0.8268290347939318,
        "Down01Sigma": 0.843904572033959,
        "Up01SigmaExp": 0.6982001849259922,
        "Down01SigmaExp": 0.6893099759501431
    },
    "r_smH_PTH_45_80": {
        "bestfit": 1.6354202615413054,
        "Up01Sigma": 0.49911098391895203,
        "Down01Sigma": 0.470686075220224,
        "Up01SigmaExp": 0.41378477777079303,
        "Down01SigmaExp": 0.401560245428501
    },
    "r_smH_PTH_80_120": {
        "bestfit": 0.4630175178447311,
        "Up01Sigma": 0.5456370708932277,
        "Down01Sigma": 0.5338837790267158,
        "Up01SigmaExp": 0.5026076674493196,
        "Down01SigmaExp": 0.49181269655035975
    },
    "r_smH_PTH_120_200": {
        "bestfit": 1.379877243536625,
        "Up01Sigma": 0.5238332888794086,
        "Down01Sigma": 0.49637462115622966,
        "Up01SigmaExp": 0.4741787987465935,
        "Down01SigmaExp": 0.45464409902371483
    },
    "r_smH_PTH_GT200": {
        "bestfit": 0.6076843839051822,
        "Up01Sigma": 0.6482486944933159,
        "Down01Sigma": 0.590369276056341,
        "Up01SigmaExp": 0.5877754734375522,
        "Down01SigmaExp": 0.5567092420720579
    }
}