{
    "r_smH_PTH_0_10": {
        "r_smH_PTH_0_10": 1.0,
        "r_smH_PTH_10_20": -0.045983279025416185,
        "r_smH_PTH_20_30": 0.020257738585885178,
        "r_smH_PTH_30_45": 0.04746787217451768,
        "r_smH_PTH_45_60": 0.04171749385438171,
        "r_smH_PTH_60_80": 0.011898774687431427,
        "r_smH_PTH_80_120": 0.019094921367844513,
        "r_smH_PTH_120_200": 0.023896268274951244,
        "r_smH_PTH_GT200": -1.234476201396733e-06
    },
    "r_smH_PTH_10_20": {
        "r_smH_PTH_0_10": -0.045983279025416185,
        "r_smH_PTH_10_20": 1.0,
        "r_smH_PTH_20_30": 0.05047169467266925,
        "r_smH_PTH_30_45": -0.04633871209276394,
        "r_smH_PTH_45_60": 0.11006338637723408,
        "r_smH_PTH_60_80": 0.027479885878186477,
        "r_smH_PTH_80_120": 0.04565263466371676,
        "r_smH_PTH_120_200": 0.06809357815734128,
        "r_smH_PTH_GT200": -2.597364504890544e-06
    },
    "r_smH_PTH_20_30": {
        "r_smH_PTH_0_10": 0.020257738585885178,
        "r_smH_PTH_10_20": 0.05047169467266925,
        "r_smH_PTH_20_30": 1.0,
        "r_smH_PTH_30_45": 0.038265420920151796,
        "r_smH_PTH_45_60": 0.054106312431097536,
        "r_smH_PTH_60_80": 0.018400693241215686,
        "r_smH_PTH_80_120": 0.028628601174536368,
        "r_smH_PTH_120_200": 0.014502655228595193,
        "r_smH_PTH_GT200": 1.311217184699664e-06
    },
    "r_smH_PTH_30_45": {
        "r_smH_PTH_0_10": 0.04746787217451768,
        "r_smH_PTH_10_20": -0.04633871209276394,
        "r_smH_PTH_20_30": 0.038265420920151796,
        "r_smH_PTH_30_45": 1.0,
        "r_smH_PTH_45_60": -0.02737383460443789,
        "r_smH_PTH_60_80": 0.026364415988871053,
        "r_smH_PTH_80_120": 0.03493861444292228,
        "r_smH_PTH_120_200": 0.050482246723291505,
        "r_smH_PTH_GT200": -1.847894769784523e-06
    },
    "r_smH_PTH_45_60": {
        "r_smH_PTH_0_10": 0.04171749385438171,
        "r_smH_PTH_10_20": 0.11006338637723408,
        "r_smH_PTH_20_30": 0.054106312431097536,
        "r_smH_PTH_30_45": -0.02737383460443789,
        "r_smH_PTH_45_60": 1.0,
        "r_smH_PTH_60_80": -0.031028413191019455,
        "r_smH_PTH_80_120": 0.05371263204554754,
        "r_smH_PTH_120_200": 0.07638231604996165,
        "r_smH_PTH_GT200": -2.129961819120445e-06
    },
    "r_smH_PTH_60_80": {
        "r_smH_PTH_0_10": 0.011898774687431427,
        "r_smH_PTH_10_20": 0.027479885878186477,
        "r_smH_PTH_20_30": 0.018400693241215686,
        "r_smH_PTH_30_45": 0.026364415988871053,
        "r_smH_PTH_45_60": -0.031028413191019455,
        "r_smH_PTH_60_80": 1.0,
        "r_smH_PTH_80_120": -0.061534731449679976,
        "r_smH_PTH_120_200": 0.02856319620658138,
        "r_smH_PTH_GT200": -3.728042480990962e-07
    },
    "r_smH_PTH_80_120": {
        "r_smH_PTH_0_10": 0.019094921367844513,
        "r_smH_PTH_10_20": 0.04565263466371676,
        "r_smH_PTH_20_30": 0.028628601174536368,
        "r_smH_PTH_30_45": 0.03493861444292228,
        "r_smH_PTH_45_60": 0.05371263204554754,
        "r_smH_PTH_60_80": -0.061534731449679976,
        "r_smH_PTH_80_120": 1.0,
        "r_smH_PTH_120_200": -0.00011704266286428295,
        "r_smH_PTH_GT200": -1.105779753846755e-06
    },
    "r_smH_PTH_120_200": {
        "r_smH_PTH_0_10": 0.023896268274951244,
        "r_smH_PTH_10_20": 0.06809357815734128,
        "r_smH_PTH_20_30": 0.014502655228595193,
        "r_smH_PTH_30_45": 0.050482246723291505,
        "r_smH_PTH_45_60": 0.07638231604996165,
        "r_smH_PTH_60_80": 0.02856319620658138,
        "r_smH_PTH_80_120": -0.00011704266286428295,
        "r_smH_PTH_120_200": 1.0,
        "r_smH_PTH_GT200": -1.69784219983855e-06
    },
    "r_smH_PTH_GT200": {
        "r_smH_PTH_0_10": -1.234476201396733e-06,
        "r_smH_PTH_10_20": -2.597364504890544e-06,
        "r_smH_PTH_20_30": 1.311217184699664e-06,
        "r_smH_PTH_30_45": -1.847894769784523e-06,
        "r_smH_PTH_45_60": -2.129961819120445e-06,
        "r_smH_PTH_60_80": -3.728042480990962e-07,
        "r_smH_PTH_80_120": -1.105779753846755e-06,
        "r_smH_PTH_120_200": -1.69784219983855e-06,
        "r_smH_PTH_GT200": 1.0
    }
}