{
    "r_smH_PTH_0_10": {
        "bestfit": 0.411984168588203,
        "Up01Sigma": 0.2420603459782688,
        "Down01Sigma": 0.19105799415040678,
        "Up01SigmaExp": 0.3561029618667475,
        "Down01SigmaExp": 0.31425591934238006
    },
    "r_smH_PTH_10_20": {
        "bestfit": 1.0037819699646824,
        "Up01Sigma": 0.24743115143600458,
        "Down01Sigma": 0.2211165246954565,
        "Up01SigmaExp": 0.24946985350770468,
        "Down01SigmaExp": 0.2232683268820872
    },
    "r_smH_PTH_20_30": {
        "bestfit": 0.7068680682450131,
        "Up01Sigma": 0.2522219563043522,
        "Down01Sigma": 0.21695792046954226,
        "Up01SigmaExp": 0.27916588368438666,
        "Down01SigmaExp": 0.2481590521756869
    },
    "r_smH_PTH_30_45": {
        "bestfit": 0.9426876078814637,
        "Up01Sigma": 0.2603361645498947,
        "Down01Sigma": 0.23317183694589283,
        "Up01SigmaExp": 0.2635174677826897,
        "Down01SigmaExp": 0.2349611387641558
    },
    "r_smH_PTH_45_60": {
        "bestfit": 0.19686484998702175,
        "Up01Sigma": 1.0,
        "Down01Sigma": 1.0,
        "Up01SigmaExp": 0.3469592525750407,
        "Down01SigmaExp": 0.3051354100742486
    },
    "r_smH_PTH_60_80": {
        "bestfit": 0.5938578534056458,
        "Up01Sigma": 0.26535896965399763,
        "Down01Sigma": 0.22891173261683556,
        "Up01SigmaExp": 0.36723607318005635,
        "Down01SigmaExp": 0.3216393268452933
    },
    "r_smH_PTH_80_120": {
        "bestfit": 0.703796965124202,
        "Up01Sigma": 0.29488099965386316,
        "Down01Sigma": 0.2554409595754573,
        "Up01SigmaExp": 0.3330566384474025,
        "Down01SigmaExp": 0.2925841973198854
    },
    "r_smH_PTH_120_200": {
        "bestfit": 0.5454829042477128,
        "Up01Sigma": 0.3069392119072464,
        "Down01Sigma": 0.21154941497349616,
        "Up01SigmaExp": 0.37893468506801864,
        "Down01SigmaExp": 0.3278946332018464
    },
    "r_smH_PTH_GT200": {
        "bestfit": 2.443241164939991e-08,
        "Up01Sigma": 1.0,
        "Down01Sigma": 1.0,
        "Up01SigmaExp": 0.6292455394303362,
        "Down01SigmaExp": 0.5249208334170591
    }
}