{
    "r_smH_PTH_0_10": {
        "r_smH_PTH_0_10": 1.0,
        "r_smH_PTH_10_20": -0.05706247229485781,
        "r_smH_PTH_20_30": 0.09718704269547643,
        "r_smH_PTH_30_45": 0.0841263411144703,
        "r_smH_PTH_45_60": 0.07032449321240183,
        "r_smH_PTH_60_80": 0.06608862919313668,
        "r_smH_PTH_80_120": 0.06723715998091676,
        "r_smH_PTH_120_200": 0.060033110082079545,
        "r_smH_PTH_GT200": 0.04804661116091705
    },
    "r_smH_PTH_10_20": {
        "r_smH_PTH_0_10": -0.05706247229485781,
        "r_smH_PTH_10_20": 1.0,
        "r_smH_PTH_20_30": -0.04539215184202631,
        "r_smH_PTH_30_45": 0.09266103800856232,
        "r_smH_PTH_45_60": 0.06887387871798054,
        "r_smH_PTH_60_80": 0.06557245625884268,
        "r_smH_PTH_80_120": 0.06691201233467615,
        "r_smH_PTH_120_200": 0.05974242381417854,
        "r_smH_PTH_GT200": 0.0477016416552649
    },
    "r_smH_PTH_20_30": {
        "r_smH_PTH_0_10": 0.09718704269547643,
        "r_smH_PTH_10_20": -0.04539215184202631,
        "r_smH_PTH_20_30": 1.0,
        "r_smH_PTH_30_45": -0.030042781758516823,
        "r_smH_PTH_45_60": 0.07043517619100473,
        "r_smH_PTH_60_80": 0.05966702853674697,
        "r_smH_PTH_80_120": 0.061406504102475605,
        "r_smH_PTH_120_200": 0.054679746184482916,
        "r_smH_PTH_GT200": 0.04352738785445682
    },
    "r_smH_PTH_30_45": {
        "r_smH_PTH_0_10": 0.0841263411144703,
        "r_smH_PTH_10_20": 0.09266103800856232,
        "r_smH_PTH_20_30": -0.030042781758516823,
        "r_smH_PTH_30_45": 1.0,
        "r_smH_PTH_45_60": -0.022739887413818216,
        "r_smH_PTH_60_80": 0.06823335032644047,
        "r_smH_PTH_80_120": 0.06357385058872862,
        "r_smH_PTH_120_200": 0.05647334225143231,
        "r_smH_PTH_GT200": 0.044500628664730514
    },
    "r_smH_PTH_45_60": {
        "r_smH_PTH_0_10": 0.07032449321240183,
        "r_smH_PTH_10_20": 0.06887387871798054,
        "r_smH_PTH_20_30": 0.07043517619100473,
        "r_smH_PTH_30_45": -0.022739887413818216,
        "r_smH_PTH_45_60": 1.0,
        "r_smH_PTH_60_80": -0.03347607016197765,
        "r_smH_PTH_80_120": 0.058027739248711185,
        "r_smH_PTH_120_200": 0.0475673428710023,
        "r_smH_PTH_GT200": 0.03727785293042765
    },
    "r_smH_PTH_60_80": {
        "r_smH_PTH_0_10": 0.06608862919313668,
        "r_smH_PTH_10_20": 0.06557245625884268,
        "r_smH_PTH_20_30": 0.05966702853674697,
        "r_smH_PTH_30_45": 0.06823335032644047,
        "r_smH_PTH_45_60": -0.03347607016197765,
        "r_smH_PTH_60_80": 1.0,
        "r_smH_PTH_80_120": -0.010051578847312361,
        "r_smH_PTH_120_200": 0.04752324874123449,
        "r_smH_PTH_GT200": 0.03556874298198109
    },
    "r_smH_PTH_80_120": {
        "r_smH_PTH_0_10": 0.06723715998091676,
        "r_smH_PTH_10_20": 0.06691201233467615,
        "r_smH_PTH_20_30": 0.061406504102475605,
        "r_smH_PTH_30_45": 0.06357385058872862,
        "r_smH_PTH_45_60": 0.058027739248711185,
        "r_smH_PTH_60_80": -0.010051578847312361,
        "r_smH_PTH_80_120": 1.0,
        "r_smH_PTH_120_200": 0.005684557813308456,
        "r_smH_PTH_GT200": 0.03790633911232337
    },
    "r_smH_PTH_120_200": {
        "r_smH_PTH_0_10": 0.060033110082079545,
        "r_smH_PTH_10_20": 0.05974242381417854,
        "r_smH_PTH_20_30": 0.054679746184482916,
        "r_smH_PTH_30_45": 0.05647334225143231,
        "r_smH_PTH_45_60": 0.0475673428710023,
        "r_smH_PTH_60_80": 0.04752324874123449,
        "r_smH_PTH_80_120": 0.005684557813308456,
        "r_smH_PTH_120_200": 1.0,
        "r_smH_PTH_GT200": 0.0021727603628624147
    },
    "r_smH_PTH_GT200": {
        "r_smH_PTH_0_10": 0.04804661116091705,
        "r_smH_PTH_10_20": 0.0477016416552649,
        "r_smH_PTH_20_30": 0.04352738785445682,
        "r_smH_PTH_30_45": 0.044500628664730514,
        "r_smH_PTH_45_60": 0.03727785293042765,
        "r_smH_PTH_60_80": 0.03556874298198109,
        "r_smH_PTH_80_120": 0.03790633911232337,
        "r_smH_PTH_120_200": 0.0021727603628624147,
        "r_smH_PTH_GT200": 1.0
    }
}